{"accuracy":0.9074444444444445,"loss":0.2587174912856096,"val_accuracy":0.8828333333333334,"_step":9,"_wandb":{"runtime":99},"_timestamp":1.7422118311562781e+09,"epoch":10,"val_loss":2.707811082661605,"best_val_accuracy":0.8835,"_runtime":99.387172694}