{"best_val_accuracy":0.10083333333333333,"val_loss":16.579687360114402,"epoch":5,"_runtime":8.539866908,"loss":2.302756336229709,"accuracy":0.10064814814814815,"val_accuracy":0.09416666666666666,"_timestamp":1.7421200620270548e+09,"_wandb":{"runtime":8},"_step":4}