{"best_val_accuracy":0.3353333333333333,"_step":9,"epoch":10,"val_loss":16.546995527550767,"loss":2.2865881716061685,"_runtime":21.684990501,"_wandb":{"runtime":21},"_timestamp":1.7420635575502326e+09,"val_accuracy":0.3353333333333333,"accuracy":0.34833333333333333}