{"epoch":10,"best_val_accuracy":0.09416666666666666,"loss":2.3026367925068625,"val_accuracy":0.0925,"_step":9,"_runtime":17.893843363,"val_loss":16.578965483411505,"accuracy":0.10083333333333333,"_wandb":{"runtime":17},"_timestamp":1.7420653348200471e+09}