{"_step":4,"best_val_accuracy":0.09733333333333333,"loss":2.302608350744514,"epoch":5,"_timestamp":1.74212266479228e+09,"accuracy":0.10064814814814815,"val_loss":16.57886268416552,"_runtime":16.132859825,"_wandb":{"runtime":16},"val_accuracy":0.09416666666666666}