{"_timestamp":1.7421454791295357e+09,"_runtime":28.296574601,"epoch":10,"_wandb":{"runtime":28},"val_loss":3.4442085910556464,"best_val_accuracy":0.8656666666666667,"accuracy":0.8896296296296297,"val_accuracy":0.8656666666666667,"_step":9,"loss":0.345944378134031}