{"_runtime":49.398920554,"_step":4,"val_accuracy":0.8705,"val_loss":3.3052076932429486,"_wandb":{"runtime":49},"_timestamp":1.7422132527822497e+09,"best_val_accuracy":0.8745,"epoch":5,"loss":0.30255685166787816,"accuracy":0.8867777777777778}