{"_wandb":{"runtime":13},"val_accuracy":0.8566666666666667,"_runtime":13.176921778,"_step":9,"best_val_accuracy":0.8566666666666667,"_timestamp":1.7422200375258746e+09,"accuracy":0.8641851851851852,"epoch":10,"val_loss":4.025811620845828,"loss":0.39472319799259004}