{"_runtime":15.912203293,"epoch":10,"val_accuracy":0.8611666666666666,"loss":0.36778116861487964,"_wandb":{"runtime":15},"val_loss":3.7810366982192947,"best_val_accuracy":0.8611666666666666,"_timestamp":1.7422200614203386e+09,"_step":9,"accuracy":0.872462962962963}