{"val_accuracy":0.87,"loss":0.31371528518302316,"best_val_accuracy":0.87,"epoch":5,"_wandb":{"runtime":44},"_runtime":44.13774554,"_step":4,"val_loss":3.2541878778270013,"_timestamp":1.742227484692888e+09,"accuracy":0.8864444444444445}