{"val_accuracy":0.8746666666666667,"_wandb":{"runtime":37},"epoch":10,"loss":0.3232011710052197,"accuracy":0.8899074074074074,"_step":9,"val_loss":3.1746641990297517,"best_val_accuracy":0.8746666666666667,"_runtime":37.374412598,"_timestamp":1.7421913576671035e+09}