{"best_val_accuracy":0.8773333333333333,"_timestamp":1.7421282029388635e+09,"accuracy":0.8883888888888889,"val_accuracy":0.8773333333333333,"_runtime":19.247707662,"val_loss":3.0315518958395358,"_wandb":{"runtime":19},"epoch":5,"_step":4,"loss":0.34739156640220187}