{"accuracy":0.8515370370370371,"_timestamp":1.7421862282955344e+09,"_runtime":13.975364285,"_wandb":{"runtime":13},"val_accuracy":0.8431666666666666,"val_loss":4.261032617967326,"_step":4,"best_val_accuracy":0.8431666666666666,"loss":0.4292962119331604,"epoch":5}