{"val_loss":2.8561222608885615,"_runtime":67.154014451,"_step":9,"val_accuracy":0.8773333333333333,"loss":0.32094202422725837,"_wandb":{"runtime":67},"_timestamp":1.742121906533179e+09,"best_val_accuracy":0.8773333333333333,"epoch":10,"accuracy":0.8976296296296297}