{"val_accuracy":0.09833333333333333,"_runtime":10.702851852,"loss":2.3025987147423512,"_wandb":{"runtime":10},"_timestamp":1.7422127399818482e+09,"epoch":5,"val_loss":16.57881576891299,"_step":4,"accuracy":0.10018518518518518,"best_val_accuracy":0.0995}