{"_step":4,"accuracy":0.855925925925926,"epoch":5,"_runtime":32.41083448,"best_val_accuracy":0.8551666666666666,"val_accuracy":0.8521666666666666,"_wandb":{"runtime":32},"_timestamp":1.7421331677730954e+09,"loss":0.4403674214814016,"val_loss":3.5261737383120453}