{"loss":0.29204687790628775,"_timestamp":1.742216807968427e+09,"accuracy":0.9010370370370371,"val_loss":2.9398795825151587,"val_accuracy":0.8843333333333333,"_runtime":13.563527557,"best_val_accuracy":0.8843333333333333,"_step":4,"_wandb":{"runtime":13},"epoch":5}