{"_wandb":{"runtime":17},"loss":2.30279738246764,"val_loss":16.578997114059497,"_runtime":17.765625241,"_step":9,"val_accuracy":0.10316666666666667,"best_val_accuracy":0.10316666666666667,"accuracy":0.09964814814814815,"_timestamp":1.7421472017156208e+09,"epoch":10}