{"_runtime":45.478106311,"val_loss":3.1088066111596455,"val_accuracy":0.8796666666666667,"_step":9,"epoch":10,"_wandb":{"runtime":45},"loss":0.2977149768245494,"best_val_accuracy":0.8796666666666667,"accuracy":0.8931666666666667,"_timestamp":1.7421863031080978e+09}