{"val_accuracy":0.09416666666666666,"_timestamp":1.742063315353874e+09,"epoch":10,"loss":2.3026872705541495,"accuracy":0.10064814814814815,"_wandb":{"runtime":40},"val_loss":16.578852061790904,"best_val_accuracy":0.09733333333333333,"_step":9,"_runtime":40.476771178}