{"val_loss":3.5228763346526533,"epoch":5,"_timestamp":1.7420630917080376e+09,"best_val_accuracy":0.8621666666666666,"_step":4,"loss":0.3621605875314328,"_runtime":20.235508127,"accuracy":0.8729444444444444,"_wandb":{"runtime":20},"val_accuracy":0.8621666666666666}