{"_timestamp":1.7421898576946952e+09,"loss":0.6916600433542747,"val_accuracy":0.7335,"epoch":10,"_runtime":40.038226407,"val_loss":6.596335361361397,"best_val_accuracy":0.749,"_step":9,"accuracy":0.7316111111111111,"_wandb":{"runtime":40}}