{"_step":4,"epoch":5,"best_val_accuracy":0.7466666666666667,"_wandb":{"runtime":14},"val_accuracy":0.7466666666666667,"val_loss":7.961842530551878,"_runtime":14.573995414,"accuracy":0.7368703703703704,"_timestamp":1.7421283041847222e+09,"loss":0.8061933041980633}