{"loss":0.8164329258651886,"_wandb":{"runtime":10},"_timestamp":1.7421869861058161e+09,"best_val_accuracy":0.7563333333333333,"val_loss":8.446296515961855,"val_accuracy":0.7563333333333333,"_runtime":10.848720765,"_step":4,"epoch":5,"accuracy":0.7440185185185185}