{"_runtime":15.628963942,"_step":4,"accuracy":0.10083333333333333,"val_loss":16.57894728835111,"epoch":5,"_wandb":{"runtime":15},"loss":2.3026452225382577,"best_val_accuracy":0.09416666666666666,"_timestamp":1.7421910782756357e+09,"val_accuracy":0.0925}