{"_timestamp":1.7421282492778363e+09,"_wandb":{"runtime":11},"accuracy":0.8041296296296296,"_runtime":11.610096173,"val_loss":5.606962645435479,"_step":9,"loss":0.5580669248253436,"val_accuracy":0.8023333333333333,"epoch":10,"best_val_accuracy":0.8023333333333333}