{"val_accuracy":0.8203333333333334,"val_loss":5.196981512097907,"_runtime":35.165634257,"_step":9,"accuracy":0.8241666666666667,"_timestamp":1.742191028562666e+09,"_wandb":{"runtime":35},"epoch":10,"loss":0.5100029761398243,"best_val_accuracy":0.8203333333333334}