{"val_loss":7.630374918119031,"_step":4,"epoch":5,"_wandb":{"runtime":16},"_timestamp":1.7421906270570927e+09,"accuracy":0.724,"best_val_accuracy":0.7133333333333334,"_runtime":16.280380095,"loss":0.755369651271662,"val_accuracy":0.7133333333333334}