{"val_loss":5.004062601247915,"_wandb":{"runtime":26},"loss":0.5148366635573226,"_runtime":26.870209298,"_step":9,"val_accuracy":0.8236666666666667,"_timestamp":1.7421454456038823e+09,"epoch":10,"best_val_accuracy":0.8236666666666667,"accuracy":0.8235370370370371}