{"_step":9,"_timestamp":1.742153169978245e+09,"epoch":10,"accuracy":0.4983518518518519,"val_accuracy":0.49366666666666664,"_runtime":19.675662457,"loss":1.1600285196762408,"val_loss":11.93530455260358,"best_val_accuracy":0.49366666666666664,"_wandb":{"runtime":19}}