{"val_accuracy":0.09416666666666666,"best_val_accuracy":0.1055,"_wandb":{"runtime":22},"accuracy":0.10064814814814815,"val_loss":16.57962844095615,"loss":2.302742516438132,"_timestamp":1.7421282334048386e+09,"epoch":10,"_step":9,"_runtime":22.517597477}