{"_wandb":{"runtime":22},"_runtime":22.53516126,"val_accuracy":0.8666666666666667,"epoch":10,"accuracy":0.8815925925925926,"loss":0.3388897051046183,"_timestamp":1.7421216818580673e+09,"best_val_accuracy":0.8666666666666667,"val_loss":3.511657897896504,"_step":9}