{"best_val_accuracy":0.8816666666666667,"_wandb":{"runtime":34},"epoch":10,"val_loss":3.249865866911144,"_timestamp":1.7422205592367966e+09,"loss":0.30758538617607994,"_runtime":34.717093627,"val_accuracy":0.8816666666666667,"accuracy":0.894462962962963,"_step":9}