{"_timestamp":1.7421452728335264e+09,"val_accuracy":0.8411666666666666,"_runtime":18.407499032,"_step":9,"loss":0.40924169361537954,"val_loss":4.140060402382329,"best_val_accuracy":0.8506666666666667,"epoch":10,"accuracy":0.8591851851851852,"_wandb":{"runtime":18}}