{"_wandb":{"runtime":35},"_runtime":35.733297357,"_step":9,"val_loss":3.245749163958946,"_timestamp":1.7422201773926847e+09,"epoch":10,"loss":0.3073986552712584,"best_val_accuracy":0.8811666666666667,"accuracy":0.8926666666666667,"val_accuracy":0.8811666666666667}