{"_wandb":{"runtime":17},"val_accuracy":0.8818333333333334,"epoch":5,"best_val_accuracy":0.8851666666666667,"_timestamp":1.7422283457142878e+09,"_step":4,"accuracy":0.8978888888888888,"val_loss":2.888505055762274,"_runtime":17.184071507,"loss":0.285439453288671}