{"val_accuracy":0.8631666666666666,"_runtime":23.111972892,"_step":9,"loss":0.31635726567632755,"_timestamp":1.7422155578947206e+09,"val_loss":3.437925202369158,"accuracy":0.8845185185185185,"_wandb":{"runtime":23},"best_val_accuracy":0.8663333333333333,"epoch":10}