{"val_loss":3.1164984646009475,"accuracy":0.8933703703703704,"_wandb":{"runtime":60},"loss":0.28868312586328554,"best_val_accuracy":0.8813333333333333,"val_accuracy":0.8733333333333333,"epoch":10,"_runtime":60.812368699,"_step":9,"_timestamp":1.7422135016874716e+09}