{"_timestamp":1.7421451641275373e+09,"_step":4,"best_val_accuracy":0.8723333333333333,"_wandb":{"runtime":21},"epoch":5,"val_accuracy":0.8723333333333333,"loss":0.31105601776247616,"_runtime":21.105887239,"val_loss":3.126395544739184,"accuracy":0.8893148148148148}