{"best_val_accuracy":0.8728333333333333,"epoch":10,"val_accuracy":0.8691666666666666,"loss":0.3220002366449131,"_runtime":64.121667255,"_wandb":{"runtime":64},"_timestamp":1.7422203326114569e+09,"_step":9,"accuracy":0.8813333333333333,"val_loss":3.426692795386044}