{"_runtime":48.169921635,"Squared Error Test Accuracy":0.5814,"_wandb":{"runtime":48},"Cross Entropy Test Accuracy":0.6325,"Cross Entropy Loss":0.8990064793914978,"_step":10,"epoch":10,"Squared Error Loss":1.0955758938729985,"_timestamp":1.7422287361648917e+09}