{"epoch":10,"_step":9,"_runtime":29.596025614,"accuracy":0.7703333333333333,"_wandb":{"runtime":29},"val_loss":7.134893899593603,"best_val_accuracy":0.754,"val_accuracy":0.754,"loss":0.7428991009764576,"_timestamp":1.74222628304958e+09}