{"epoch":5,"loss":0.2909999802236145,"_wandb":{"runtime":14},"val_loss":2.9999646980479606,"_timestamp":1.7422167603168864e+09,"_runtime":14.041571868,"best_val_accuracy":0.8851666666666667,"_step":4,"val_accuracy":0.8851666666666667,"accuracy":0.905074074074074}