{"_timestamp":1.74222713989105e+09,"_runtime":15.159747093,"loss":2.3025913924973413,"_wandb":{"runtime":15},"best_val_accuracy":0.09833333333333333,"accuracy":0.10092592592592593,"_step":9,"val_accuracy":0.09166666666666666,"val_loss":16.578843227295607,"epoch":10}