{"_timestamp":1.7421866405185463e+09,"loss":2.3026881840802362,"epoch":10,"val_loss":16.57891810899702,"val_accuracy":0.09416666666666666,"_runtime":16.420872219,"accuracy":0.10064814814814815,"_step":9,"_wandb":{"runtime":16},"best_val_accuracy":0.09416666666666666}