{"val_loss":14.514341846282091,"accuracy":0.5487777777777778,"_timestamp":1.7421897976197507e+09,"_runtime":12.397932668,"_wandb":{"runtime":12},"epoch":10,"best_val_accuracy":0.5581666666666667,"loss":1.6692538233909957,"val_accuracy":0.5581666666666667,"_step":9}