{"best_val_accuracy":0.7516666666666667,"_timestamp":1.7421451358597405e+09,"_runtime":14.536180017,"_step":4,"accuracy":0.7568703703703704,"val_accuracy":0.7516666666666667,"loss":0.8230174465209946,"val_loss":7.794226189577237,"epoch":5,"_wandb":{"runtime":14}}