{"val_loss":16.577382916003682,"_step":4,"loss":2.3048803610254187,"_runtime":21.586346862,"epoch":5,"best_val_accuracy":0.10316666666666667,"val_accuracy":0.09416666666666666,"_timestamp":1.7420634933205502e+09,"_wandb":{"runtime":21},"accuracy":0.10064814814814815}