{"_step":9,"_runtime":11.758194569,"val_accuracy":0.10033333333333333,"_timestamp":1.7421289301538124e+09,"loss":2.302594514208085,"best_val_accuracy":0.10033333333333333,"val_loss":16.57872833039626,"_wandb":{"runtime":11},"epoch":10,"accuracy":0.09996296296296296}