{"loss":0.2778306325934209,"val_accuracy":0.8815,"_step":9,"_timestamp":1.7421912245022092e+09,"accuracy":0.9009074074074074,"_wandb":{"runtime":59},"val_loss":2.9894164660946334,"_runtime":59.299043101,"best_val_accuracy":0.8815,"epoch":10}