{"best_val_accuracy":0.8848333333333334,"_step":9,"_timestamp":1.7422273124402933e+09,"_wandb":{"runtime":33},"loss":0.31206979451441075,"_runtime":33.016650455,"val_accuracy":0.8848333333333334,"epoch":10,"val_loss":3.1883935054532277,"accuracy":0.8935740740740741}