{"val_accuracy":0.8778333333333334,"val_loss":3.0042995584559695,"accuracy":0.8996851851851851,"loss":0.2913702032973007,"epoch":10,"_step":9,"_timestamp":1.7421220814033878e+09,"_wandb":{"runtime":13},"_runtime":13.358089338,"best_val_accuracy":0.8778333333333334}