{"val_loss":3.6479396692577004,"loss":0.3522143799231701,"_timestamp":1.742215627814596e+09,"val_accuracy":0.8706666666666667,"_wandb":{"runtime":18},"best_val_accuracy":0.8706666666666667,"accuracy":0.8765555555555555,"_runtime":18.741094724,"epoch":10,"_step":9}