{"_step":9,"_timestamp":1.742122802245443e+09,"loss":0.2515185718302601,"_runtime":58.104596692,"best_val_accuracy":0.8841666666666667,"epoch":10,"_wandb":{"runtime":58},"val_loss":2.911941652175912,"accuracy":0.9082592592592592,"val_accuracy":0.8801666666666667}