{"loss":0.3288906811213981,"_timestamp":1.7422119719943907e+09,"_step":4,"_wandb":{"runtime":39},"val_accuracy":0.8748333333333334,"accuracy":0.8848888888888888,"val_loss":3.247516653248051,"best_val_accuracy":0.8748333333333334,"epoch":5,"_runtime":39.610999213}