{"_step":4,"accuracy":0.8890555555555556,"loss":0.3153857823973548,"_wandb":{"runtime":45},"val_accuracy":0.8735,"best_val_accuracy":0.8793333333333333,"val_loss":3.220937491401659,"_runtime":45.977570954,"_timestamp":1.7422131052592525e+09,"epoch":5}