{"val_accuracy":0.0925,"val_loss":16.579037039705163,"loss":2.302600056930284,"_step":9,"best_val_accuracy":0.0925,"_timestamp":1.7421472315632071e+09,"accuracy":0.10083333333333333,"_runtime":16.919576983,"_wandb":{"runtime":16},"epoch":10}