{"val_accuracy":0.8776666666666667,"_timestamp":1.742190940673532e+09,"val_loss":2.965238327782394,"loss":0.31760263905863784,"best_val_accuracy":0.8776666666666667,"_step":9,"_wandb":{"runtime":79},"epoch":10,"accuracy":0.8993888888888889,"_runtime":79.422933203}