{"val_loss":3.3426980958119334,"_runtime":29.779858619,"val_accuracy":0.8731666666666666,"loss":0.3318310861754919,"best_val_accuracy":0.8731666666666666,"_timestamp":1.742122641427514e+09,"_wandb":{"runtime":29},"_step":4,"accuracy":0.8882962962962963,"epoch":5}