{"loss":0.3281357289617252,"_step":4,"val_loss":3.264439522583704,"epoch":5,"_runtime":10.020427564,"accuracy":0.8816666666666667,"_timestamp":1.7420634496318502e+09,"_wandb":{"runtime":10},"val_accuracy":0.8693333333333333,"best_val_accuracy":0.8693333333333333}