{"config_1_test_accuracy":0.9779,"epoch":10,"_runtime":87.849357879,"_step":32,"config_2_test_accuracy":0.9802,"_wandb":{"runtime":87},"config_3_train_loss":[0.06824691849607992],"_timestamp":1.7421871981760457e+09,"config_2_train_loss":[0.013808262435375196],"config_1_train_loss":[0.02250995070144954],"config_3_test_accuracy":0.9666}