{"loss":0.36400082191187216,"val_accuracy":0.8623333333333333,"accuracy":0.8752222222222222,"_timestamp":1.7422141485819693e+09,"best_val_accuracy":0.8623333333333333,"_wandb":{"runtime":25},"_step":4,"epoch":5,"_runtime":25.110871534,"val_loss":3.58364605529447}