{"_timestamp":1.742214117199143e+09,"_wandb":{"runtime":112},"val_loss":5.630804105098031,"loss":0.5942903265837003,"val_accuracy":0.7761666666666667,"epoch":10,"best_val_accuracy":0.7761666666666667,"_runtime":112.309470996,"accuracy":0.7843518518518519,"_step":9}