{"epoch":10,"_wandb":{"runtime":13},"val_loss":5.765945912095436,"accuracy":0.7947407407407407,"best_val_accuracy":0.7921666666666667,"loss":0.578568274657367,"_runtime":13.188635237,"_timestamp":1.7422198332095265e+09,"val_accuracy":0.7921666666666667,"_step":9}