{"_step":9,"loss":0.6573398379307717,"epoch":10,"val_accuracy":0.8228333333333333,"_wandb":{"runtime":80},"best_val_accuracy":0.8456666666666667,"_timestamp":1.7422144802808979e+09,"_runtime":80.088966184,"accuracy":0.8330925925925926,"val_loss":4.319813451482854}