{"_wandb":{"runtime":15},"val_loss":16.57894483466189,"_runtime":15.924196551,"best_val_accuracy":0.10316666666666667,"epoch":10,"val_accuracy":0.09166666666666666,"loss":2.302676870263412,"_step":9,"_timestamp":1.7422183893993595e+09,"accuracy":0.1009074074074074}