{"accuracy":0.6219074074074074,"loss":0.9112942778013399,"val_accuracy":0.6308333333333334,"_runtime":23.685759313,"_timestamp":1.7422116485634906e+09,"_step":9,"best_val_accuracy":0.6308333333333334,"_wandb":{"runtime":23},"epoch":10,"val_loss":9.579078486853122}