{"_timestamp":1.7421289144297216e+09,"val_loss":16.579030519512205,"best_val_accuracy":0.09416666666666666,"_wandb":{"runtime":11},"epoch":10,"_step":9,"_runtime":11.839589079,"accuracy":0.10064814814814815,"loss":2.3026338364121357,"val_accuracy":0.09416666666666666}