{"loss":2.3026379862478232,"_wandb":{"runtime":6},"val_loss":16.57840766264632,"epoch":5,"val_accuracy":0.09783333333333333,"accuracy":0.10024074074074074,"_runtime":6.480827352,"best_val_accuracy":0.09783333333333333,"_step":4,"_timestamp":1.7422271791288512e+09}