{"_wandb":{"runtime":23},"accuracy":0.8762592592592593,"val_loss":3.5670560133540494,"val_accuracy":0.8656666666666667,"epoch":5,"_timestamp":1.7422283162869802e+09,"_step":4,"loss":0.35172097856116535,"_runtime":23.523957956,"best_val_accuracy":0.8698333333333333}