{"_step":9,"_timestamp":1.7422207693860884e+09,"best_val_accuracy":0.8763333333333333,"epoch":10,"_runtime":16.327774172,"_wandb":{"runtime":16},"accuracy":0.8968148148148148,"val_loss":3.2637316736307382,"loss":0.2983799123276543,"val_accuracy":0.8703333333333333}