{"epoch":5,"_timestamp":1.742118306318715e+09,"_step":4,"best_val_accuracy":0.49816666666666665,"accuracy":0.5050740740740741,"val_accuracy":0.49816666666666665,"_runtime":14.679728302000001,"loss":1.1921282797333794,"val_loss":11.216029479647194,"_wandb":{"runtime":14}}