{"val_loss":16.57826566139852,"_timestamp":1.742189053441853e+09,"epoch":5,"accuracy":0.09944444444444445,"val_accuracy":0.105,"_wandb":{"runtime":18},"loss":2.3028453884334987,"best_val_accuracy":0.105,"_runtime":18.104436724,"_step":4}