{"epoch":10,"accuracy":0.8384814814814815,"loss":0.46770660577474893,"best_val_accuracy":0.8341666666666666,"val_accuracy":0.8341666666666666,"val_loss":4.686887528868603,"_timestamp":1.7421913163171165e+09,"_runtime":59.179109066,"_step":9,"_wandb":{"runtime":59}}