{"loss":0.2558657264045681,"epoch":10,"_timestamp":1.7421867129345977e+09,"_wandb":{"runtime":19},"best_val_accuracy":0.884,"_runtime":19.584972453,"_step":9,"val_loss":2.9864287425126057,"accuracy":0.9026481481481482,"val_accuracy":0.8753333333333333}