{"best_val_accuracy":0.4583333333333333,"_wandb":{"runtime":13},"val_accuracy":0.4583333333333333,"loss":1.3538861591725682,"epoch":5,"accuracy":0.4612037037037037,"_timestamp":1.7421914033219192e+09,"val_loss":12.65835152750036,"_runtime":13.57847164,"_step":4}