{"loss":0.6329957649439161,"accuracy":0.7795925925925926,"_wandb":{"runtime":46},"val_accuracy":0.7831666666666667,"val_loss":5.87113709569126,"_timestamp":1.742147033533276e+09,"_step":4,"best_val_accuracy":0.7831666666666667,"_runtime":46.616432459,"epoch":5}