{"_step":9,"_wandb":{"runtime":32},"Cross Entropy Loss":0.7871465433034637,"Squared Error Loss":2.307494599160874,"epoch":10,"_timestamp":1.742148120077493e+09,"_runtime":32.052105388}