{"_timestamp":1.7420664029829469e+09,"_wandb":{"runtime":39},"_runtime":38.488313262,"_step":19,"cross_entropy_loss":2.302722801662703}