{"_wandb":{"runtime":31},"val_loss":16.57731877086109,"loss":2.3037656886058815,"_runtime":31.978725845,"_step":9,"_timestamp":1.7421911318058157e+09,"accuracy":0.09938888888888889,"best_val_accuracy":0.1055,"epoch":10,"val_accuracy":0.1055}