{"_wandb":{"runtime":6},"best_val_accuracy":0.8415,"_step":4,"val_loss":4.6472342665862705,"accuracy":0.844925925925926,"val_accuracy":0.8415,"epoch":5,"loss":0.46533746899641243,"_timestamp":1.7422162913150313e+09,"_runtime":6.176492221}