{"_step":9,"epoch":10,"_timestamp":1.7421454107298555e+09,"loss":0.3432403311237185,"accuracy":0.886537037037037,"val_loss":3.248255948800751,"_runtime":55.685027086,"_wandb":{"runtime":55},"best_val_accuracy":0.8713333333333333,"val_accuracy":0.8661666666666666}