{"_runtime":35.302711204,"_timestamp":1.7421475122685933e+09,"_step":9,"best_val_accuracy":0.8323333333333334,"accuracy":0.8313518518518519,"val_loss":4.955447606425006,"val_accuracy":0.8323333333333334,"epoch":10,"loss":0.49108148187021333,"_wandb":{"runtime":35}}