{"_wandb":{"runtime":11},"best_val_accuracy":0.7496666666666667,"loss":0.754626985481332,"accuracy":0.7544074074074074,"val_accuracy":0.7496666666666667,"_runtime":11.775332652,"val_loss":7.817108527660593,"_step":4,"epoch":5,"_timestamp":1.7421914220773885e+09}