{"_step":4,"epoch":5,"val_accuracy":0.0925,"_wandb":{"runtime":21},"loss":2.302628310725857,"best_val_accuracy":0.0925,"_timestamp":1.742063764440713e+09,"accuracy":0.10083333333333333,"_runtime":21.559973391,"val_loss":16.5791298398932}