{"epoch":10,"_timestamp":1.742227272921178e+09,"val_loss":2.906078407783089,"accuracy":0.9126481481481481,"loss":0.2577290784912555,"_runtime":88.595189997,"_step":9,"best_val_accuracy":0.8911666666666667,"val_accuracy":0.8911666666666667,"_wandb":{"runtime":88}}