{"Cross Entropy Loss":0.8162022031274737,"_wandb":{"runtime":42},"Squared Error Loss":2.285685190511891,"epoch":10,"_timestamp":1.7421916984974031e+09,"_runtime":42.440036439,"_step":9}