{"epoch":10,"val_accuracy":0.09833333333333333,"val_loss":16.578605885857293,"accuracy":0.10018518518518518,"_runtime":49.489382904,"best_val_accuracy":0.09833333333333333,"_wandb":{"runtime":49},"loss":2.3026015340147503,"_step":9,"_timestamp":1.7422260328538644e+09}