{"best_val_accuracy":0.09733333333333333,"_wandb":{"runtime":16},"accuracy":0.10083333333333333,"epoch":10,"loss":2.3025837903157997,"_step":9,"_timestamp":1.7421914859258673e+09,"val_loss":16.57890733299555,"_runtime":16.791217391,"val_accuracy":0.0925}