{"_runtime":11.022770851,"accuracy":0.8904444444444445,"_timestamp":1.7421284774106023e+09,"epoch":5,"loss":0.3354052273894669,"_wandb":{"runtime":11},"val_loss":3.2124505815217845,"_step":4,"best_val_accuracy":0.8716666666666667,"val_accuracy":0.8716666666666667}