{"_step":9,"epoch":10,"loss":0.2823048438739281,"_runtime":32.993661404,"val_accuracy":0.8813333333333333,"val_loss":3.0495145355045423,"_timestamp":1.7422203701514716e+09,"_wandb":{"runtime":32},"best_val_accuracy":0.8813333333333333,"accuracy":0.9023888888888889}