{"_runtime":11.297653867,"epoch":5,"val_accuracy":0.8721666666666666,"_timestamp":1.7422164709602919e+09,"_wandb":{"runtime":11},"_step":4,"best_val_accuracy":0.8721666666666666,"accuracy":0.8913703703703704,"val_loss":3.0915592452614127,"loss":0.3073303292348775}