{"_timestamp":1.7421901697837865e+09,"_runtime":41.458493314,"_step":9,"Cross Entropy Loss":0.8809225358351804,"Squared Error Loss":2.2869028290049713,"epoch":10,"_wandb":{"runtime":41}}