{"loss":2.302776589671006,"_wandb":{"runtime":32},"epoch":10,"_timestamp":1.742063871780991e+09,"_runtime":32.817762364000004,"_step":9,"val_loss":16.57889340553759,"best_val_accuracy":0.10316666666666667,"val_accuracy":0.0985,"accuracy":0.10016666666666667}