{"_timestamp":1.7421909735340478e+09,"epoch":10,"_step":9,"_wandb":{"runtime":27},"_runtime":27.361799092,"loss":1.5504868980237767,"accuracy":0.30185185185185187,"val_loss":13.994377458586857,"best_val_accuracy":0.2966666666666667,"val_accuracy":0.2966666666666667}