{"_runtime":57.17795698,"loss":0.3041758712421048,"best_val_accuracy":0.8816666666666667,"accuracy":0.8948703703703703,"val_accuracy":0.8816666666666667,"_timestamp":1.742220623669476e+09,"_wandb":{"runtime":57},"_step":9,"val_loss":3.1006049660319803,"epoch":10}