{"val_accuracy":0.8873333333333333,"_timestamp":1.7422131950435996e+09,"val_loss":2.8166262326877023,"best_val_accuracy":0.8873333333333333,"epoch":10,"accuracy":0.9077222222222222,"_step":9,"_runtime":82.576763086,"loss":0.2596056887976223,"_wandb":{"runtime":82}}