{"best_val_accuracy":0.7401666666666666,"_step":9,"accuracy":0.7382777777777778,"_timestamp":1.7421287171702523e+09,"_wandb":{"runtime":26},"loss":0.6997783406474238,"val_accuracy":0.7401666666666666,"_runtime":26.842054132,"epoch":10,"val_loss":7.154250365530119}