{"val_loss":16.57889319607524,"epoch":5,"_wandb":{"runtime":7},"_timestamp":1.7421224065091782e+09,"best_val_accuracy":0.09733333333333333,"loss":2.3025983749350716,"_step":4,"_runtime":7.949293866,"accuracy":0.1002962962962963,"val_accuracy":0.09733333333333333}