{"_timestamp":1.742227393548381e+09,"epoch":10,"val_loss":5.826526751336953,"val_accuracy":0.7921666666666667,"best_val_accuracy":0.7921666666666667,"_step":9,"accuracy":0.8031111111111111,"loss":0.5579914702637875,"_runtime":22.762066987,"_wandb":{"runtime":22}}