{"_wandb":{"runtime":54},"val_accuracy":0.8783333333333333,"epoch":10,"val_loss":2.981111144004203,"loss":0.2765890651045885,"accuracy":0.9051666666666667,"_runtime":54.803666459,"_timestamp":1.7421222618017673e+09,"_step":9,"best_val_accuracy":0.8783333333333333}