{"val_accuracy":0.8581666666666666,"loss":0.3488191273385924,"val_loss":3.4009820717223933,"best_val_accuracy":0.8726666666666667,"_step":4,"accuracy":0.8747592592592592,"epoch":5,"_timestamp":1.7422280502839785e+09,"_runtime":56.124931688,"_wandb":{"runtime":56}}