{"loss":0.30066862913128245,"best_val_accuracy":0.873,"_runtime":22.329809489,"val_accuracy":0.868,"accuracy":0.8841296296296296,"_step":4,"epoch":5,"_wandb":{"runtime":22},"_timestamp":1.7422165466569006e+09,"val_loss":3.441110219338151}