{"epoch":10,"_runtime":81.771476675,"val_loss":3.034932615058266,"best_val_accuracy":0.8801666666666667,"_wandb":{"runtime":81},"val_accuracy":0.8801666666666667,"accuracy":0.9033148148148148,"loss":0.27988021672725494,"_step":9,"_timestamp":1.7421897238732057e+09}