{"accuracy":0.10092592592592593,"loss":2.3026348526861073,"_wandb":{"runtime":14},"val_accuracy":0.09166666666666666,"_runtime":14.405874558,"best_val_accuracy":0.09783333333333333,"_timestamp":1.7422156544531982e+09,"val_loss":16.578821085497466,"_step":9,"epoch":10}