{"config_3_test_accuracy":0.9675,"epoch":10,"_step":32,"_runtime":90.659718571,"config_2_train_loss":0.014331578194017683,"_wandb":{"runtime":90},"config_1_train_loss":0.02123593812037551,"_timestamp":1.7421390143668942e+09,"config_3_train_loss":0.07232978653239781,"config_1_test_accuracy":0.9795,"config_2_test_accuracy":0.9767}