{"val_loss":3.4313139388284912,"_runtime":11.197887696,"loss":0.42284974376096307,"epoch":5,"_timestamp":1.7422264905779922e+09,"val_accuracy":0.8538333333333333,"_step":4,"_wandb":{"runtime":11},"accuracy":0.8648333333333333,"best_val_accuracy":0.8538333333333333}