{"_step":9,"epoch":10,"loss":0.7215696056763163,"_timestamp":1.7422199320596867e+09,"_wandb":{"runtime":67},"accuracy":0.7343518518518518,"val_accuracy":0.7278333333333333,"best_val_accuracy":0.7278333333333333,"val_loss":7.2596308557010465,"_runtime":67.916290522}