{"_wandb":{"runtime":23},"best_val_accuracy":0.8676666666666667,"_runtime":23.304268673,"val_loss":3.5965972804278796,"accuracy":0.8761851851851852,"epoch":5,"_step":4,"val_accuracy":0.8676666666666667,"loss":0.36128743402486,"_timestamp":1.7422275549488122e+09}