{"loss":0.29642386583307573,"val_loss":2.9680463488525772,"_runtime":16.797286868,"best_val_accuracy":0.8793333333333333,"accuracy":0.9010185185185186,"val_accuracy":0.8793333333333333,"epoch":5,"_wandb":{"runtime":16},"_step":4,"_timestamp":1.7421222027643347e+09}