{"_step":9,"_timestamp":1.742215602782603e+09,"val_accuracy":0.8246666666666667,"best_val_accuracy":0.8246666666666667,"_runtime":41.582075458,"loss":0.4899055742649828,"epoch":10,"_wandb":{"runtime":41},"val_loss":5.105551603960238,"accuracy":0.8312777777777778}