{"val_accuracy":0.8751666666666666,"best_val_accuracy":0.8756666666666667,"epoch":10,"_wandb":{"runtime":33},"loss":0.32395702472119187,"_timestamp":1.7421204625691113e+09,"accuracy":0.8856296296296297,"_runtime":33.365919536,"_step":9,"val_loss":3.3085491448416398}