{"_wandb":{"runtime":7},"loss":0.31332179945358135,"val_accuracy":0.8763333333333333,"epoch":5,"_step":4,"_timestamp":1.7422163697311928e+09,"_runtime":7.806865301,"val_loss":3.2199016846785997,"accuracy":0.8925740740740741,"best_val_accuracy":0.8763333333333333}