{"loss":0.36773335083099806,"_timestamp":1.7422164940575092e+09,"accuracy":0.8732222222222222,"_step":4,"_wandb":{"runtime":17},"val_loss":3.738818616390103,"best_val_accuracy":0.8641666666666666,"val_accuracy":0.8641666666666666,"epoch":5,"_runtime":17.863249993}