{"_wandb":{"runtime":12},"epoch":5,"_step":4,"loss":0.33992364848141216,"accuracy":0.8880925925925925,"val_loss":3.336207983766385,"_timestamp":1.7421898996723766e+09,"best_val_accuracy":0.8728333333333333,"val_accuracy":0.8728333333333333,"_runtime":12.265505904}