{"_wandb":{"runtime":126},"config_2_test_accuracy":0.9646,"_step":32,"config_1_train_loss":[0.0711641760005478],"config_3_train_loss":[0.03164334993214799],"config_2_train_loss":[0.08694901958354467],"config_3_test_accuracy":0.9752,"_runtime":126.161475012,"_timestamp":1.7421918268353384e+09,"epoch":10,"config_1_test_accuracy":0.9691}