{"_wandb":{"runtime":18},"val_loss":12.455531597081503,"_runtime":18.615022817,"_timestamp":1.7421507773967552e+09,"loss":1.2509410512692918,"epoch":10,"best_val_accuracy":0.5366666666666666,"_step":9,"accuracy":0.5029259259259259,"val_accuracy":0.5001666666666666}