{"accuracy":0.10064814814814815,"_step":4,"_timestamp":1.7421469803324854e+09,"loss":2.302606666224753,"_runtime":30.721043486,"epoch":5,"_wandb":{"runtime":30},"val_loss":16.578889846412004,"best_val_accuracy":0.09416666666666666,"val_accuracy":0.09416666666666666}