{"_step":4,"_timestamp":1.7421475857591062e+09,"val_accuracy":0.8498333333333333,"_wandb":{"runtime":17},"val_loss":3.9180987511507617,"epoch":5,"_runtime":17.878199776,"loss":0.43507609368948097,"best_val_accuracy":0.8498333333333333,"accuracy":0.8672407407407408}