{"accuracy":0.8779814814814815,"val_accuracy":0.8671666666666666,"best_val_accuracy":0.8671666666666666,"val_loss":3.4375973386162526,"_step":9,"_timestamp":1.7420636216807818e+09,"_runtime":59.160228828,"loss":0.35092241438812266,"_wandb":{"runtime":59},"epoch":10}