{"val_accuracy":0.83,"_wandb":{"runtime":61},"loss":0.4630994021355781,"epoch":10,"val_loss":4.650559603963125,"_runtime":61.915149743,"best_val_accuracy":0.83,"_timestamp":1.7421889068095345e+09,"_step":9,"accuracy":0.837}