{"val_loss":3.6076275306113943,"_step":4,"val_accuracy":0.8581666666666666,"_timestamp":1.7421407373710828e+09,"accuracy":0.8706296296296296,"epoch":5,"best_val_accuracy":0.8581666666666666,"loss":0.3772672132747657,"_wandb":{"runtime":16},"_runtime":16.11873751}