{"val_loss":16.57493721197417,"_step":9,"_runtime":45.392210308,"best_val_accuracy":0.12516666666666668,"loss":2.3010916569970217,"_wandb":{"runtime":45},"_timestamp":1.742189172267038e+09,"accuracy":0.0999074074074074,"val_accuracy":0.10083333333333333,"epoch":10}