{"epoch":10,"_runtime":16.205529663,"loss":0.31803014791157963,"_step":9,"val_accuracy":0.8651666666666666,"_timestamp":1.742147471781954e+09,"accuracy":0.8829444444444444,"val_loss":3.371577088565078,"_wandb":{"runtime":16},"best_val_accuracy":0.8718333333333333}