{"val_accuracy":0.6681666666666667,"_timestamp":1.7421283828249173e+09,"loss":0.9190321460498501,"_wandb":{"runtime":17},"_runtime":17.011584709,"_step":4,"accuracy":0.6591851851851852,"epoch":5,"best_val_accuracy":0.6681666666666667,"val_loss":9.207461434778063}