{"_timestamp":1.742063831796502e+09,"accuracy":0.8556666666666667,"_wandb":{"runtime":14},"val_loss":4.207736014868954,"loss":0.46581493372974586,"best_val_accuracy":0.8471666666666666,"epoch":5,"val_accuracy":0.8471666666666666,"_runtime":14.967162323,"_step":4}