{"val_loss":4.1523424648796965,"_runtime":64.646163269,"val_accuracy":0.8463333333333334,"accuracy":0.8561851851851852,"_step":9,"_wandb":{"runtime":64},"epoch":10,"loss":0.4253548985361162,"best_val_accuracy":0.8463333333333334,"_timestamp":1.74218912238255e+09}