{"_wandb":{"runtime":23},"_step":0,"test_accuracy":0.9771,"_timestamp":1.742120194623519e+09,"_runtime":22.74975761}