{"config_2_test_accuracy":0.9697,"config_3_train_loss":[2.301067227823379],"config_3_test_accuracy":0.1135,"_step":32,"_runtime":111.793912485,"config_1_train_loss":[0.07304355905609346],"_timestamp":1.7421902836240208e+09,"config_2_train_loss":[0.08914291961111004],"_wandb":{"runtime":111},"config_1_test_accuracy":0.9693,"epoch":10}