{"_runtime":47.424603674,"_step":9,"val_accuracy":0.8836666666666667,"_timestamp":1.7422133034005787e+09,"loss":0.2706535514874002,"best_val_accuracy":0.8836666666666667,"_wandb":{"runtime":47},"accuracy":0.9096666666666666,"epoch":10,"val_loss":2.7846474769526335}