{"_step":4,"loss":0.9904401912110365,"best_val_accuracy":0.6698333333333333,"_runtime":15.446600653,"_wandb":{"runtime":15},"val_loss":9.830709961178554,"_timestamp":1.7421895194530885e+09,"accuracy":0.6626851851851852,"val_accuracy":0.6698333333333333,"epoch":5}