{"_step":9,"_wandb":{"runtime":16},"best_val_accuracy":0.10083333333333333,"accuracy":0.10064814814814815,"val_accuracy":0.09416666666666666,"_runtime":16.735380016,"loss":2.3025857104718663,"epoch":10,"val_loss":16.57885751224166,"_timestamp":1.7421868594825792e+09}