{"accuracy":0.10083333333333333,"_runtime":15.535827148,"epoch":5,"_wandb":{"runtime":15},"val_accuracy":0.0925,"_step":4,"loss":2.302595067759287,"val_loss":16.578905821591032,"best_val_accuracy":0.105,"_timestamp":1.7421224607906516e+09}