{"_step":4,"val_loss":2.870377198266503,"epoch":5,"val_accuracy":0.8841666666666667,"_runtime":32.846034288,"_timestamp":1.7422284276225367e+09,"_wandb":{"runtime":32},"loss":0.29202414819250383,"accuracy":0.9041111111111111,"best_val_accuracy":0.8856666666666667}