{"val_loss":3.1188451639327637,"val_accuracy":0.8711666666666666,"_timestamp":1.7421914641771624e+09,"loss":0.30581471731048226,"accuracy":0.8930185185185185,"best_val_accuracy":0.8711666666666666,"_step":9,"epoch":10,"_wandb":{"runtime":36},"_runtime":36.925664039}