{"loss":0.42085699112287295,"val_accuracy":0.8451666666666666,"_wandb":{"runtime":14},"_runtime":14.919369981,"_step":4,"accuracy":0.8586666666666667,"epoch":5,"_timestamp":1.7421862504605606e+09,"val_loss":4.1785142732197444,"best_val_accuracy":0.8451666666666666}