{"val_loss":3.087433386307171,"epoch":5,"val_accuracy":0.8796666666666667,"_runtime":20.794704478,"_timestamp":1.742216658298801e+09,"_wandb":{"runtime":20},"accuracy":0.8979814814814815,"loss":0.28606975760417513,"best_val_accuracy":0.8796666666666667,"_step":4}