{"loss":0.8476340864239517,"val_loss":8.531915889571282,"_timestamp":1.7422201972056336e+09,"_runtime":12.59362555,"_step":9,"best_val_accuracy":0.6906666666666667,"val_accuracy":0.6906666666666667,"accuracy":0.6992962962962963,"_wandb":{"runtime":12},"epoch":10}