{"val_loss":16.578977876058904,"loss":2.3026373301321126,"best_val_accuracy":0.09416666666666666,"accuracy":0.10083333333333333,"_timestamp":1.7421501811128306e+09,"_runtime":18.540702913,"_step":9,"epoch":10,"_wandb":{"runtime":18},"val_accuracy":0.0925}