{"_wandb":{"runtime":15},"val_accuracy":0.4608333333333333,"best_val_accuracy":0.4608333333333333,"val_loss":12.525544048016915,"_runtime":15.254619066,"epoch":5,"_step":4,"accuracy":0.463037037037037,"loss":1.2987438562634013,"_timestamp":1.7421292647951221e+09}