{"val_loss":16.578858251300627,"_timestamp":1.7421282773385503e+09,"best_val_accuracy":0.10083333333333333,"_runtime":23.86204749,"_step":4,"accuracy":0.10064814814814815,"epoch":5,"_wandb":{"runtime":23},"loss":2.3027349611362085,"val_accuracy":0.09416666666666666}