{"best_val_accuracy":0.8653333333333333,"_timestamp":1.7422163205689616e+09,"epoch":5,"accuracy":0.8778148148148148,"_wandb":{"runtime":6},"val_loss":3.3333136719614727,"loss":0.34123677482214043,"_step":4,"val_accuracy":0.8653333333333333,"_runtime":6.621565586}