{"loss":0.38861158026930864,"_runtime":21.502102366,"_step":4,"epoch":5,"_wandb":{"runtime":21},"val_accuracy":0.8491666666666666,"val_loss":3.4861635757922027,"best_val_accuracy":0.8586666666666667,"_timestamp":1.7421220263941088e+09,"accuracy":0.860037037037037}