{"accuracy":0.9050925925925926,"val_loss":3.101042809965852,"epoch":10,"_wandb":{"runtime":15},"best_val_accuracy":0.8868333333333334,"_timestamp":1.7422202629761128e+09,"_step":9,"_runtime":15.217298639,"loss":0.2779865217564631,"val_accuracy":0.8806666666666667}