{"val_loss":8.079370213799749,"_wandb":{"runtime":21},"accuracy":0.6879444444444445,"_step":4,"_timestamp":1.7421427577857146e+09,"epoch":5,"loss":0.8444027020956667,"_runtime":21.366018464,"val_accuracy":0.6876666666666666,"best_val_accuracy":0.7008333333333333}