{"Squared Error Loss":2.257245325537358,"_wandb":{"runtime":31},"epoch":10,"_timestamp":1.74222135455975e+09,"_runtime":31.299403327,"_step":9,"Cross Entropy Loss":0.8488041300613931}