{"val_loss":7.7041789516701025,"best_val_accuracy":0.7615,"epoch":5,"_wandb":{"runtime":21},"_runtime":20.996463759,"_step":4,"loss":0.73907458506042,"_timestamp":1.7421889353315043e+09,"accuracy":0.7623888888888889,"val_accuracy":0.7615}