{"val_loss":2.9558360565693707,"best_val_accuracy":0.888,"_step":9,"_wandb":{"runtime":39},"loss":0.23165814146230163,"epoch":10,"val_accuracy":0.8813333333333333,"_timestamp":1.7422204457464335e+09,"accuracy":0.9163148148148148,"_runtime":39.480199814}