{"accuracy":0.8684814814814815,"_step":9,"_runtime":15.411047759,"loss":0.36433379680867223,"best_val_accuracy":0.861,"epoch":10,"_wandb":{"runtime":15},"_timestamp":1.7422316612262497e+09,"val_loss":3.8005051736857567,"val_accuracy":0.8545}