{"epoch":10,"loss":0.24572375381941824,"_timestamp":1.7422117262632937e+09,"_step":9,"val_loss":2.7660067059096014,"_wandb":{"runtime":74},"val_accuracy":0.8723333333333333,"_runtime":74.49145833,"best_val_accuracy":0.8838333333333334,"accuracy":0.8958703703703703}