{"loss":0.4438874966353247,"_runtime":48.119374302,"_timestamp":1.7421480433429267e+09,"best_val_accuracy":0.8406666666666667,"epoch":10,"_wandb":{"runtime":48},"accuracy":0.8488518518518519,"val_loss":4.193563733608777,"_step":9,"val_accuracy":0.8406666666666667}