{"_wandb":{"runtime":33},"best_val_accuracy":0.8801666666666667,"val_accuracy":0.8801666666666667,"_timestamp":1.7422157232389e+09,"accuracy":0.8902777777777777,"_step":9,"epoch":10,"_runtime":33.131261746,"loss":0.31488644275932304,"val_loss":3.3169546537507935}