{"val_accuracy":0.5473333333333333,"val_loss":13.95072964175244,"_runtime":18.687024049,"accuracy":0.5472037037037037,"_timestamp":1.7421284320030751e+09,"epoch":10,"loss":1.5162022644883142,"best_val_accuracy":0.5473333333333333,"_step":9,"_wandb":{"runtime":18}}