{"epoch":10,"_timestamp":1.7421871085660667e+09,"_runtime":30.532567354,"_step":9,"_wandb":{"runtime":30},"Cross Entropy Loss":0.8438248321889807,"Squared Error Loss":2.3346631019082276}