{"_runtime":38.949033732,"best_val_accuracy":0.8883333333333333,"accuracy":0.918074074074074,"val_loss":2.697187389700799,"epoch":10,"loss":0.2317332661160891,"_timestamp":1.7422278469025698e+09,"_wandb":{"runtime":38},"val_accuracy":0.8883333333333333,"_step":9}