{"_timestamp":1.742190853999157e+09,"accuracy":0.09938888888888889,"best_val_accuracy":0.1055,"loss":2.3026232684002865,"_step":4,"val_loss":16.578396121932432,"val_accuracy":0.1055,"_wandb":{"runtime":19},"_runtime":19.802187985,"epoch":5}