{"loss":1.528046901732102,"_runtime":8.364997023,"_step":4,"val_loss":13.221659105460873,"_wandb":{"runtime":8},"best_val_accuracy":0.41883333333333334,"accuracy":0.4226111111111111,"epoch":5,"val_accuracy":0.41883333333333334,"_timestamp":1.7421217472830064e+09}