{"_runtime":42.388913899,"loss":0.2873897376544294,"epoch":10,"val_accuracy":0.8796666666666667,"val_loss":3.0357206863727084,"accuracy":0.8975925925925926,"_wandb":{"runtime":42},"best_val_accuracy":0.8816666666666667,"_step":9,"_timestamp":1.742145089116937e+09}