{"best_val_accuracy":0.09833333333333333,"_wandb":{"runtime":35},"accuracy":0.10092592592592593,"_timestamp":1.7422162573624387e+09,"val_accuracy":0.09166666666666666,"_step":9,"val_loss":16.578857510607833,"loss":2.3026208456325916,"epoch":10,"_runtime":35.421279801}