{"val_loss":16.57433666817888,"_step":4,"_runtime":12.479719898,"best_val_accuracy":0.10316666666666667,"_timestamp":1.742190990229938e+09,"_wandb":{"runtime":12},"epoch":5,"loss":2.3024030501145196,"val_accuracy":0.10316666666666667,"accuracy":0.09964814814814815}