{"_runtime":64.541931084,"val_accuracy":0.8871666666666667,"loss":0.2621046856638231,"best_val_accuracy":0.8871666666666667,"accuracy":0.9097222222222222,"_wandb":{"runtime":64},"val_loss":2.8257478723402736,"_timestamp":1.7422206951802127e+09,"_step":9,"epoch":10}