{"_runtime":5.391617941,"accuracy":0.09996296296296296,"val_loss":16.578693773314576,"epoch":5,"loss":2.302612178801505,"val_accuracy":0.10033333333333333,"_timestamp":1.7420636741132133e+09,"_step":4,"_wandb":{"runtime":5},"best_val_accuracy":0.10033333333333333}