{"_runtime":48.516866495,"val_loss":3.381902881617478,"_step":9,"val_accuracy":0.8716666666666667,"best_val_accuracy":0.8761666666666666,"accuracy":0.8876851851851851,"_wandb":{"runtime":48},"loss":0.3019729690961984,"_timestamp":1.7422115144579346e+09,"epoch":10}