{"_step":9,"_timestamp":1.7421453495192747e+09,"epoch":10,"best_val_accuracy":0.8323333333333334,"_runtime":64.521279932,"val_loss":4.646747975020805,"_wandb":{"runtime":64},"accuracy":0.8405925925925926,"val_accuracy":0.8323333333333334,"loss":0.46277658522478304}