{"_timestamp":1.7421383590013506e+09,"accuracy":0.8262962962962963,"val_loss":5.300051320088656,"val_accuracy":0.8213333333333334,"_wandb":{"runtime":16},"loss":0.5156625668435927,"epoch":5,"best_val_accuracy":0.8213333333333334,"_step":4,"_runtime":16.542512125000002}