{"best_val_accuracy":0.8518333333333333,"_timestamp":1.742212843257236e+09,"_runtime":97.908569493,"_wandb":{"runtime":97},"val_loss":3.868908887815565,"val_accuracy":0.8518333333333333,"loss":0.41118552873733655,"accuracy":0.8620740740740741,"epoch":10,"_step":9}