{"val_accuracy":0.8821666666666667,"loss":0.2572579614184356,"_wandb":{"runtime":79},"_step":9,"epoch":10,"accuracy":0.9074814814814814,"best_val_accuracy":0.8821666666666667,"_runtime":79.889719914,"_timestamp":1.7422145657137938e+09,"val_loss":2.920019331290367}