{"epoch":10,"val_accuracy":0.44033333333333335,"val_loss":16.36884047172326,"_timestamp":1.742189421056164e+09,"accuracy":0.4436111111111111,"_wandb":{"runtime":51},"_step":9,"_runtime":51.096238778,"loss":2.211665615736895,"best_val_accuracy":0.44033333333333335}