{"config_1_test_accuracy":0.9784,"_wandb":{"runtime":89},"_step":32,"config_2_train_loss":[0.015319597709934492],"_timestamp":1.7421385269467988e+09,"_runtime":89.674870606,"config_3_train_loss":[0.06950912720483092],"config_1_train_loss":[0.02113488785332908],"epoch":10,"config_3_test_accuracy":0.9634,"config_2_test_accuracy":0.9812}