{"best_val_accuracy":0.10033333333333333,"accuracy":0.09996296296296296,"_wandb":{"runtime":22},"epoch":5,"_timestamp":1.7420630672544873e+09,"_runtime":22.103000121,"val_accuracy":0.10033333333333333,"_step":4,"loss":2.318165982790421,"val_loss":16.582447930856624}