{"best_val_accuracy":0.6951666666666667,"val_loss":8.72069654507319,"_step":9,"loss":0.8351395202565293,"_timestamp":1.74214498105399e+09,"epoch":10,"_wandb":{"runtime":29},"accuracy":0.6907777777777778,"_runtime":29.754928378,"val_accuracy":0.6951666666666667}