{"accuracy":0.10064814814814815,"best_val_accuracy":0.09416666666666666,"loss":2.3026632146505897,"val_loss":16.578976635492587,"_step":4,"val_accuracy":0.09416666666666666,"_runtime":9.275033494,"epoch":5,"_wandb":{"runtime":9},"_timestamp":1.7421221787990587e+09}