{"_timestamp":1.7421285012841847e+09,"val_loss":2.888754321412908,"_step":9,"_runtime":18.690410656,"epoch":10,"val_accuracy":0.8803333333333333,"best_val_accuracy":0.8803333333333333,"accuracy":0.900537037037037,"loss":0.28734655356425237,"_wandb":{"runtime":18}}