{"_timestamp":1.7421475636652784e+09,"val_accuracy":0.08933333333333333,"_step":9,"accuracy":0.09583333333333334,"best_val_accuracy":0.18766666666666668,"_wandb":{"runtime":39},"_runtime":39.242495429,"loss":2.30178736570324,"val_loss":16.577036081781305,"epoch":10}