{"val_loss":3.8982183106641894,"best_val_accuracy":0.8541666666666666,"_wandb":{"runtime":14},"val_accuracy":0.8541666666666666,"_timestamp":1.7421868777727103e+09,"accuracy":0.8687407407407407,"_step":4,"loss":0.4179137246698414,"_runtime":14.11134228,"epoch":5}