{"_timestamp":1.7422282862454052e+09,"_step":9,"best_val_accuracy":0.8766666666666667,"val_loss":3.0964285587945772,"val_accuracy":0.8766666666666667,"loss":0.2738634357322917,"accuracy":0.8992407407407408,"_runtime":78.185478808,"epoch":10,"_wandb":{"runtime":78}}