{"best_val_accuracy":0.793,"_runtime":11.492163056,"val_loss":6.02862787420382,"_step":4,"val_accuracy":0.793,"accuracy":0.7961296296296296,"_wandb":{"runtime":11},"_timestamp":1.742063355315327e+09,"loss":0.6251893108464468,"epoch":5}