{"epoch":5,"val_accuracy":0.10233333333333333,"_wandb":{"runtime":10},"_step":4,"accuracy":0.09966666666666667,"loss":2.3025632893514074,"_runtime":10.154403489,"_timestamp":1.7421286522738912e+09,"val_loss":16.57848539875478,"best_val_accuracy":0.105}