{"accuracy":0.8746111111111111,"_runtime":20.150234236,"epoch":5,"best_val_accuracy":0.8686666666666667,"_step":4,"loss":0.32674007385667103,"val_loss":3.370291556216196,"val_accuracy":0.8633333333333333,"_timestamp":1.7422166847120132e+09,"_wandb":{"runtime":20}}