{"val_loss":16.578791961142525,"best_val_accuracy":0.09416666666666666,"_step":4,"_runtime":9.652453294,"epoch":5,"_wandb":{"runtime":9},"accuracy":0.10064814814814815,"val_accuracy":0.09416666666666666,"_timestamp":1.7420634654824865e+09,"loss":2.302603129110105}