{"best_val_accuracy":0.8841666666666667,"_runtime":63.167633117,"val_loss":2.713636860021532,"_wandb":{"runtime":63},"_timestamp":1.7421218176413903e+09,"loss":0.23592109018245114,"accuracy":0.9189814814814815,"val_accuracy":0.8841666666666667,"epoch":10,"_step":9}