{"val_accuracy":0.105,"loss":2.313044477781868,"accuracy":0.09944444444444445,"_step":4,"_timestamp":1.7421912491072822e+09,"_wandb":{"runtime":19},"epoch":5,"best_val_accuracy":0.105,"_runtime":19.416485814,"val_loss":16.5774162330559}