{"val_loss":5.843703742778532,"accuracy":0.801074074074074,"_step":9,"best_val_accuracy":0.8038333333333333,"epoch":10,"loss":0.5860183929817356,"_wandb":{"runtime":34},"_timestamp":1.7421892994692757e+09,"_runtime":34.158700335,"val_accuracy":0.8038333333333333}