{"loss":1.7067298395879833,"val_accuracy":0.5118333333333334,"best_val_accuracy":0.5118333333333334,"accuracy":0.5051481481481481,"_step":9,"epoch":10,"_runtime":25.705644654,"_timestamp":1.7422204000592806e+09,"val_loss":14.587636227972766,"_wandb":{"runtime":25}}