{"epoch":10,"_runtime":78.4292935,"loss":0.2341026427057746,"_step":9,"_timestamp":1.7422210450913079e+09,"accuracy":0.9203703703703704,"val_loss":2.7877770441855745,"val_accuracy":0.8895,"_wandb":{"runtime":78},"best_val_accuracy":0.8916666666666667}