{"_step":4,"epoch":5,"_runtime":15.858119164,"loss":1.4314417464203566,"val_loss":12.970149016532813,"accuracy":0.42364814814814816,"val_accuracy":0.43683333333333335,"best_val_accuracy":0.43683333333333335,"_timestamp":1.742122062995449e+09,"_wandb":{"runtime":15}}