{"loss":0.351510914266471,"_timestamp":1.7422156858919823e+09,"_wandb":{"runtime":28},"val_loss":3.515771722261165,"best_val_accuracy":0.8638333333333333,"epoch":10,"_runtime":28.191739266,"_step":9,"accuracy":0.8810925925925925,"val_accuracy":0.8638333333333333}