{"val_accuracy":0.10033333333333333,"epoch":10,"best_val_accuracy":0.10033333333333333,"_timestamp":1.7421473378136022e+09,"accuracy":0.09996296296296296,"_step":9,"loss":2.302672824793221,"_runtime":15.577442885,"val_loss":16.57901994491739,"_wandb":{"runtime":15}}