{"_runtime":19.441092027,"val_accuracy":0.8686666666666667,"val_loss":3.4722995141560227,"_wandb":{"runtime":19},"best_val_accuracy":0.8686666666666667,"epoch":5,"accuracy":0.8783333333333333,"loss":0.35521033449429745,"_timestamp":1.7421284594138398e+09,"_step":4}