{"val_loss":3.4663967382976577,"accuracy":0.846,"_runtime":77.281277382,"epoch":10,"_wandb":{"runtime":77},"val_accuracy":0.8328333333333333,"best_val_accuracy":0.8448333333333333,"_timestamp":1.7422143327400057e+09,"_step":9,"loss":0.6269214138257408}