{"_runtime":12.064697685,"_wandb":{"runtime":12},"_step":4,"best_val_accuracy":0.8613333333333333,"_timestamp":1.7421435490038524e+09,"loss":0.36220048567024193,"accuracy":0.8751666666666666,"epoch":5,"val_loss":3.6961904701034047,"val_accuracy":0.8613333333333333}