{"config_3_train_loss":[0.08114384853567413],"config_1_test_accuracy":0.9767,"epoch":10,"config_3_test_accuracy":0.9628,"_wandb":{"runtime":90},"_runtime":90.754673638,"config_2_train_loss":[0.014562543980708607],"_step":32,"config_2_test_accuracy":0.977,"config_1_train_loss":[0.020515481375578546],"_timestamp":1.7421443363060248e+09}