{"accuracy":0.10064814814814815,"val_accuracy":0.09416666666666666,"_timestamp":1.742063803840491e+09,"val_loss":16.57927999929022,"epoch":5,"_runtime":34.340553982,"loss":2.3063059642773815,"best_val_accuracy":0.1055,"_wandb":{"runtime":34},"_step":4}