{"epoch":10,"_timestamp":1.7422170292643502e+09,"_runtime":31.102621559,"_step":9,"_wandb":{"runtime":31},"Cross Entropy Loss":0.8253471605592667,"Squared Error Loss":0.809511727972932}