{"_timestamp":1.7421281201571054e+09,"_step":4,"epoch":5,"_wandb":{"runtime":52},"val_accuracy":0.8251666666666667,"_runtime":52.708822427,"accuracy":0.8267777777777777,"val_loss":5.0527296502675885,"best_val_accuracy":0.8251666666666667,"loss":0.499901051240991}