{"_runtime":48.744201891,"accuracy":0.8992777777777777,"val_loss":2.9295787369371245,"best_val_accuracy":0.8801666666666667,"_step":9,"epoch":10,"_wandb":{"runtime":48},"val_accuracy":0.8706666666666667,"_timestamp":1.742212025167771e+09,"loss":0.2629065283802902}