{"_runtime":37.79141401,"loss":0.3089016532568527,"epoch":10,"_timestamp":1.7421217327076683e+09,"val_loss":3.1780114542634017,"accuracy":0.8926481481481482,"_wandb":{"runtime":37},"val_accuracy":0.8763333333333333,"_step":9,"best_val_accuracy":0.8763333333333333}