{"loss":2.3026987013958458,"_wandb":{"runtime":12},"best_val_accuracy":0.09733333333333333,"_timestamp":1.742186658458394e+09,"_step":4,"accuracy":0.10064814814814815,"val_loss":16.579168600240294,"_runtime":12.737730933,"epoch":5,"val_accuracy":0.09416666666666666}