{"_timestamp":1.742145247194039e+09,"_wandb":{"runtime":14},"_runtime":14.234905639,"loss":2.3038800107360875,"epoch":5,"best_val_accuracy":0.1055,"val_loss":16.57898066872694,"_step":4,"accuracy":0.1002962962962963,"val_accuracy":0.09733333333333333}