{"_step":19,"_wandb":{"runtime":39},"cross_entropy_loss":2.302900527445402,"_timestamp":1.7421167103556879e+09,"_runtime":38.409737348}