{"val_loss":2.8335663250572507,"epoch":10,"_runtime":83.819269013,"_wandb":{"runtime":83},"best_val_accuracy":0.8878333333333334,"_timestamp":1.742213051667372e+09,"loss":0.2538480711275919,"accuracy":0.9091296296296296,"_step":9,"val_accuracy":0.8848333333333334}