{"_runtime":25.272675455,"epoch":10,"best_val_accuracy":0.8828333333333334,"_step":9,"val_loss":3.000156535992495,"_timestamp":1.7422210779110527e+09,"_wandb":{"runtime":25},"val_accuracy":0.8756666666666667,"loss":0.2863296631446533,"accuracy":0.8972592592592593}