{"_wandb":{"runtime":271},"config_3_test_accuracy":0.9765,"_step":32,"config_2_test_accuracy":0.9033,"config_1_train_loss":[0.029149865092978157],"epoch":10,"_timestamp":1.7422216283293695e+09,"_runtime":271.67789962,"config_1_test_accuracy":0.9735,"config_3_train_loss":[0.02778994937856361],"config_2_train_loss":[0.3894954775043338]}