{"_timestamp":1.7422165784253628e+09,"loss":0.29296369257678695,"best_val_accuracy":0.8851666666666667,"_runtime":27.566094175,"epoch":5,"val_accuracy":0.8796666666666667,"_wandb":{"runtime":27},"_step":4,"accuracy":0.8967407407407407,"val_loss":3.257546801981346}