{"_runtime":53.323221648,"accuracy":0.9002222222222223,"best_val_accuracy":0.8776666666666667,"val_loss":2.9832619195781507,"_timestamp":1.7421281787144144e+09,"_wandb":{"runtime":53},"epoch":10,"_step":9,"loss":0.27162101688418205,"val_accuracy":0.8771666666666667}