{"_wandb":{"runtime":33},"epoch":5,"val_loss":3.3642633907883672,"_step":4,"_timestamp":1.742186466241104e+09,"loss":0.3508670635444158,"_runtime":33.986398147,"best_val_accuracy":0.8713333333333333,"accuracy":0.8825740740740741,"val_accuracy":0.8713333333333333}