{"_runtime":10.806736969,"_wandb":{"runtime":10},"_timestamp":1.7421910945806084e+09,"loss":0.29951287884541744,"val_accuracy":0.8703333333333333,"accuracy":0.8892222222222222,"_step":9,"val_loss":3.165593774537886,"epoch":10,"best_val_accuracy":0.8751666666666666}