{"best_val_accuracy":0.8868333333333334,"_step":9,"_runtime":87.134227103,"loss":0.2589315906081227,"accuracy":0.9110370370370371,"val_loss":2.916534431317484,"_timestamp":1.7422142429297795e+09,"_wandb":{"runtime":87},"epoch":10,"val_accuracy":0.8856666666666667}