{"val_loss":5.33579971517583,"loss":0.5253427584992738,"best_val_accuracy":0.8123333333333334,"epoch":10,"accuracy":0.8212222222222222,"_timestamp":1.7422271664416387e+09,"val_accuracy":0.8123333333333334,"_runtime":20.242613486,"_wandb":{"runtime":20},"_step":9}