{"val_loss":4.2683006204542835,"epoch":5,"_step":4,"loss":0.4335890642881768,"_wandb":{"runtime":43},"val_accuracy":0.8436666666666667,"accuracy":0.8478703703703704,"_timestamp":1.742212132119515e+09,"_runtime":43.377758862,"best_val_accuracy":0.8436666666666667}