{"_wandb":{"runtime":16},"_step":9,"val_accuracy":0.8116666666666666,"accuracy":0.8138333333333333,"_timestamp":1.7421898822104368e+09,"val_loss":6.050673429756587,"loss":0.5724228575228799,"best_val_accuracy":0.8116666666666666,"epoch":10,"_runtime":16.581248504}