{"accuracy":0.8965185185185185,"_wandb":{"runtime":43},"_runtime":43.960216791,"best_val_accuracy":0.8823333333333333,"val_loss":3.038485056197905,"loss":0.30666856261329806,"epoch":5,"val_accuracy":0.8823333333333333,"_timestamp":1.7422285454159007e+09,"_step":4}