{"_wandb":{"runtime":39},"val_loss":2.815388508622678,"_timestamp":1.7421472767022908e+09,"epoch":10,"loss":0.2788736338181974,"_runtime":39.17110054,"_step":9,"val_accuracy":0.8805,"accuracy":0.9037962962962963,"best_val_accuracy":0.8805}