{"_wandb":{"runtime":27},"accuracy":0.24811111111111112,"_step":9,"best_val_accuracy":0.3401666666666667,"epoch":10,"loss":2.225953376768788,"val_loss":16.402927899637668,"_runtime":27.764081013,"_timestamp":1.7421448713795958e+09,"val_accuracy":0.24333333333333335}