{"_runtime":12.670830467,"epoch":5,"_wandb":{"runtime":12},"_timestamp":1.7421898144799867e+09,"loss":1.0151339097225927,"accuracy":0.6360370370370371,"val_accuracy":0.6463333333333333,"_step":4,"best_val_accuracy":0.6463333333333333,"val_loss":10.253577549188416}