{"best_val_accuracy":0.8723333333333333,"epoch":5,"accuracy":0.8860185185185185,"_timestamp":1.7422120837164624e+09,"_runtime":53.519196491,"_step":4,"val_accuracy":0.8683333333333333,"loss":0.32377949179286053,"val_loss":3.3389561234492207,"_wandb":{"runtime":53}}