{"best_val_accuracy":0.8736666666666667,"_wandb":{"runtime":28},"val_accuracy":0.8736666666666667,"epoch":5,"loss":0.3476665231132081,"_runtime":28.818737223,"accuracy":0.8818333333333334,"val_loss":3.4928542007794396,"_step":4,"_timestamp":1.742227948122339e+09}