{"best_val_accuracy":0.8848333333333334,"_step":9,"_wandb":{"runtime":92},"val_accuracy":0.8848333333333334,"epoch":10,"_runtime":92.845150274,"loss":0.25872450423323606,"accuracy":0.9117222222222222,"_timestamp":1.742215820386847e+09,"val_loss":2.89079463790494}