{"val_accuracy":0.09416666666666666,"accuracy":0.10064814814814815,"best_val_accuracy":0.09416666666666666,"epoch":10,"val_loss":16.578862787567097,"_wandb":{"runtime":15},"_step":9,"loss":2.3025780975004486,"_timestamp":1.742122131893956e+09,"_runtime":15.060846668}