{"_runtime":22.149679996,"accuracy":0.0997037037037037,"_wandb":{"runtime":22},"best_val_accuracy":0.10316666666666667,"val_loss":16.5771791993857,"_timestamp":1.7421910586742508e+09,"val_accuracy":0.10266666666666667,"_step":9,"loss":2.303105614009747,"epoch":10}