{"accuracy":0.12962962962962962,"_wandb":{"runtime":14},"_step":9,"epoch":10,"val_loss":16.5750828593731,"loss":2.3015930462509653,"_timestamp":1.7421224330964398e+09,"_runtime":14.423498412,"best_val_accuracy":0.13166666666666665,"val_accuracy":0.13166666666666665}