{"_step":4,"loss":2.3026339147571155,"epoch":5,"_runtime":9.425553423,"_wandb":{"runtime":9},"val_accuracy":0.09416666666666666,"_timestamp":1.7421861924080029e+09,"val_loss":16.578870482234016,"accuracy":0.10064814814814815,"best_val_accuracy":0.09416666666666666}