{"_step":9,"val_accuracy":0.882,"accuracy":0.906074074074074,"best_val_accuracy":0.883,"val_loss":2.758312657705711,"_wandb":{"runtime":53},"epoch":10,"loss":0.2534266534850288,"_timestamp":1.7422209616431766e+09,"_runtime":53.192273831}