{"loss":2.302589577662706,"val_loss":16.578895230453153,"_timestamp":1.7421474523593173e+09,"val_accuracy":0.0925,"epoch":10,"_step":9,"accuracy":0.10083333333333333,"_wandb":{"runtime":44},"best_val_accuracy":0.09733333333333333,"_runtime":44.689059444}