{"_step":9,"loss":0.43544999165918385,"accuracy":0.8489814814814814,"best_val_accuracy":0.8391666666666666,"epoch":10,"_timestamp":1.7421900310640879e+09,"_wandb":{"runtime":64},"_runtime":64.752513316,"val_loss":4.280167923670744,"val_accuracy":0.8391666666666666}