{"loss":0.34960310886418433,"_timestamp":1.7421900561282876e+09,"best_val_accuracy":0.8695,"_runtime":20.357282199,"_step":9,"val_loss":3.5439788204726925,"epoch":10,"val_accuracy":0.8695,"_wandb":{"runtime":20},"accuracy":0.8786481481481482}