{"_runtime":24.692185172,"_timestamp":1.7421186721408937e+09,"epoch":5,"best_val_accuracy":0.7861666666666667,"val_loss":5.76936138527167,"val_accuracy":0.7861666666666667,"_wandb":{"runtime":24},"loss":0.6158539782298831,"_step":4,"accuracy":0.7835185185185185}