{"epoch":10,"_timestamp":1.742128746422583e+09,"loss":2.3025990702408907,"_step":9,"best_val_accuracy":0.09416666666666666,"accuracy":0.10064814814814815,"val_accuracy":0.09416666666666666,"val_loss":16.57897657429645,"_runtime":24.098455245,"_wandb":{"runtime":24}}