{"val_accuracy":0.8606666666666667,"_wandb":{"runtime":20},"best_val_accuracy":0.8606666666666667,"accuracy":0.8686666666666667,"_step":9,"val_loss":3.801296418442231,"epoch":10,"_runtime":20.080050567,"_timestamp":1.7421893319838855e+09,"loss":0.41085069241042477}