{"accuracy":0.9162222222222223,"best_val_accuracy":0.8913333333333333,"_timestamp":1.7422279120862386e+09,"val_accuracy":0.8913333333333333,"_runtime":60.977753815,"_wandb":{"runtime":61},"loss":0.23945004811662404,"_step":9,"epoch":10,"val_loss":2.7077787713864425}