{"_wandb":{"runtime":114},"val_accuracy":0.8753333333333333,"_step":9,"accuracy":0.8925555555555555,"loss":0.3120781758327564,"epoch":10,"val_loss":3.0552552684373158,"_runtime":114.206798313,"best_val_accuracy":0.8753333333333333,"_timestamp":1.7422112070730634e+09}