{"epoch":10,"val_loss":4.501894015999522,"_step":9,"best_val_accuracy":0.8381666666666666,"_timestamp":1.7420632706541991e+09,"accuracy":0.8427037037037037,"val_accuracy":0.8381666666666666,"_runtime":22.644438917,"_wandb":{"runtime":22},"loss":0.46199917604139695}