{"_step":4,"val_accuracy":0.854,"_runtime":20.090452722,"accuracy":0.8682037037037037,"best_val_accuracy":0.856,"loss":0.35951666542177435,"_timestamp":1.741627761609677e+09,"_wandb":{"runtime":20},"epoch":5,"val_loss":3.653664192733991}