{"_wandb":{"runtime":26},"_step":4,"val_loss":16.579042600733324,"loss":2.302643267484516,"epoch":5,"_timestamp":1.7421288811749003e+09,"val_accuracy":0.0925,"accuracy":0.10083333333333333,"_runtime":26.414332534,"best_val_accuracy":0.09416666666666666}