{"_timestamp":1.7422282038208354e+09,"best_val_accuracy":0.8853333333333333,"_wandb":{"runtime":50},"loss":0.3198716361766275,"_step":4,"accuracy":0.8965555555555556,"val_loss":3.075922310768975,"_runtime":50.525915074,"epoch":5,"val_accuracy":0.8853333333333333}