{"_runtime":20.154786135,"_step":4,"epoch":5,"accuracy":0.892074074074074,"_timestamp":1.7422166302001219e+09,"_wandb":{"runtime":20},"best_val_accuracy":0.8776666666666667,"val_accuracy":0.8758333333333334,"val_loss":2.961405088551948,"loss":0.28579773726742114}