{"val_accuracy":0.09733333333333333,"_step":9,"best_val_accuracy":0.09733333333333333,"val_loss":16.57856910127337,"accuracy":0.1002962962962963,"_wandb":{"runtime":52},"_timestamp":1.7421916016411314e+09,"epoch":10,"loss":2.3026057182716992,"_runtime":52.562518523}