{"_step":4,"accuracy":0.4308518518518519,"val_loss":15.356372135974603,"loss":1.9669721836433758,"_timestamp":1.7421166241253893e+09,"_wandb":{"runtime":17},"epoch":5,"val_accuracy":0.43233333333333335,"_runtime":17.476265628,"best_val_accuracy":0.43233333333333335}