{"_runtime":18.870035495,"accuracy":0.7437407407407407,"epoch":10,"_step":9,"_wandb":{"runtime":18},"val_loss":7.15017080182748,"best_val_accuracy":0.7391666666666666,"val_accuracy":0.7391666666666666,"_timestamp":1.7421469424220297e+09,"loss":0.7508602316428555}