{"_runtime":117.965339302,"accuracy":0.9079444444444444,"best_val_accuracy":0.8861666666666667,"_wandb":{"runtime":117},"val_accuracy":0.8861666666666667,"epoch":10,"_timestamp":1.7422134275752518e+09,"_step":9,"loss":0.26717707729992596,"val_loss":2.925434085514559}